timestamp,type,provider,inputToken,outputToken,inputAmount,outputAmount,feeUsd,feePercent,swapId,status,payoutTxHash,actualOutputAmount
2026-01-23T03:34:54.567Z,quote,Rift,BTC,CBBTC,0.0002,19863,0.1230,61514.12,,,,
2026-01-23T03:34:55.109Z,swap,Rift,BTC,CBBTC,0.0002,19863,0.1230,,cnwwMTliZThlYi01MjkyLTc0MDItYTFlOS00N2U3ZDU4NmE2ODI,pending,,
2026-01-23T03:34:59.966Z,quote,Rift,BTC,USDC,0.0002,17564275,0.1230,61514.12,,,,
2026-01-23T03:35:01.329Z,swap,Rift,BTC,USDC,0.0002,17564275,0.1230,,cnwwMTliZThlYi02YWY4LTcxZDAtOWM0Yy1lZDJmZDc1MDllMTF8Yw,pending,,
2026-01-23T03:35:06.286Z,quote,Rift,BTC,ETH,0.0002,5952018750703129,0.1230,61514.12,,,,
2026-01-23T03:35:07.200Z,swap,Rift,BTC,ETH,0.0002,5952018750703129,0.1230,,cnwwMTliZThlYi04MWY3LTc2MzEtYjIzNi0yMzAyMGVkMTdjNTd8Yw,pending,,
2026-01-23T03:50:02.759Z,quote,Rift,ETH,BTC,0.006,19003,0.3062,5103.45,,,,
2026-01-23T03:50:08.539Z,swap,Rift,ETH,BTC,0.006,19003,0.3062,,Y3wweDVkMjIyZTQ1MDIwYzYxMzZjN2YwNjJjMzljNGM0NjVjYTUxZTljM2M4MGI5MDQwMTU2Mzk1YTYxNzAwYzVjYzBiYTNjYjQ0OWJkMmI0YWRkZGJjODk0ZDg2OTdmNTE3MDgwMGVhZGVjZmZmZmZmZmZ8MDE5YmU4ZjktMmViZi03OTcyLWE5Y2EtN2IwNThkZTU4ZTFm,pending,,
2026-01-23T03:50:58.625Z,quote,Rift,ETH,BTC,0.006,19023,0.2909,4849.03,,,,
2026-01-23T03:51:04.043Z,swap,Rift,ETH,BTC,0.006,19023,0.2909,,Y3wweDk2MzE4Y2I2N2E2YzBjZWU5YWVjNzNiODNkMjJhMjAyODgzMmEzMzhiZjdhZGQ1OWE3NzkyNjFlZDQyN2VhMTNiYTNjYjQ0OWJkMmI0YWRkZGJjODk0ZDg2OTdmNTE3MDgwMGVhZGVjZmZmZmZmZmZ8MDE5YmU4ZmEtMDg3ZS03OTkyLWFkZjItNjI4NDk3NDY2MTA3,pending,,
2026-01-23T03:51:40.642Z,quote,Rift,ETH,BTC,0.006,19105,0.2918,4863.99,,,,
2026-01-23T03:51:46.355Z,swap,Rift,ETH,BTC,0.006,19105,0.2918,,Y3wweDJkY2I0ZjAzNjc0ZTBkM2RkMzcwM2YwMjljZmJkMzczMTJkMWFjYmFhMTIxOWNlM2ZjYmI1MmIyNzhiNDliZjFiYTNjYjQ0OWJkMmI0YWRkZGJjODk0ZDg2OTdmNTE3MDgwMGVhZGVjZmZmZmZmZmZ8MDE5YmU4ZmEtYWM3Zi03NWEyLThjNTMtMDJjYzU2ZDljZDM4,pending,,
2026-01-23T03:52:26.013Z,quote,Rift,USDC,BTC,20,21471,0.3089,1.54,,,,
2026-01-23T03:52:31.397Z,swap,Rift,USDC,BTC,20,21471,0.3089,,Y3wweDdlMjk3MGQ2OWRiZjhkODVmNjNkZjEzZTU1MzMyOTZiYmQ1Y2JjZWZmYTIwZjc0NDQxNzRhYWM5ZTRjMDY5ZGJmNjI3YjYyODU3NTllNGZhOWNhMTIxNGMzMWY2NzQ4YWZhYWQ3NjZjNjk3MmY3ODZ8MDE5YmU4ZmItNWRlNS03N2UyLTg3MWYtOTA2NTc0ZDIxZDVi,pending,,
2026-01-23T03:52:35.992Z,quote,Rift,ETH,BTC,0.006,18987,0.3071,5118.42,,,,
2026-01-23T03:52:41.425Z,swap,Rift,ETH,BTC,0.006,18987,0.3071,,Y3wweDA3OTEzYTBkODgyOWI3NzY4YTM5NDdlNjJhNGQ2NjE5OTViN2NiNjNjNTg3OTIxNDI5YzkwMTc1ZDg2YjZiMmNiYTNjYjQ0OWJkMmI0YWRkZGJjODk0ZDg2OTdmNTE3MDgwMGVhZGVjZmZmZmZmZmZ8MDE5YmU4ZmItODRkMy03YTkzLTlkM2QtOGIwYzM3OGYzN2Ix,pending,,
2026-01-23T03:53:35.736Z,quote,Rift,CBBTC,BTC,0.0002,19658,0.3071,153552.54,,,,
2026-01-23T03:53:36.517Z,swap,Rift,CBBTC,BTC,0.0002,19658,0.3071,,cnwwMTliZThmYy02ZTFiLTc2MDMtYjJlNS03ZmExMDJlNzAxZTg,pending,,
2026-01-23T03:53:41.214Z,quote,Rift,USDC,BTC,20,21471,0.3089,1.54,,,,
2026-01-23T03:53:46.314Z,swap,Rift,USDC,BTC,20,21471,0.3089,,Y3wweDFlOTk2ZDQ2MzZlMGE0YWE0OTM0YWZiM2U4NjgyMDllM2NlMzA1MWIzYTZkM2I0ZmZhYmYxZGYzOWVkMWZkMmFmNjI3YjYyODU3NTllNGZhOWNhMTIxNGMzMWY2NzQ4YWZhYWQ3NjZjNjk3MmY3ZDJ8MDE5YmU4ZmMtODM5NS03MWYyLWEzMDQtOTBlYmY1ZDFmZTQx,pending,,
2026-01-23T03:53:51.134Z,quote,Rift,ETH,BTC,0.006,18988,0.3062,5103.45,,,,
2026-01-23T03:53:56.906Z,swap,Rift,ETH,BTC,0.006,18988,0.3062,,Y3wweDZjYzk3ZTBhODBhMGE3MTA2NWY5M2ZlMDg0N2U4MjI0YjI3MDFhMDMzNjY5NGQzMjNmNjNjZGU4YzdkZmYwOTRiYTNjYjQ0OWJkMmI0YWRkZGJjODk0ZDg2OTdmNTE3MDgwMGVhZGVjZmZmZmZmZmZ8MDE5YmU4ZmMtYWE0Mi03NjUzLWI1NTEtYWJiNzRjYWJiOTEz,pending,,
2026-01-23T03:55:08.871Z,quote,Rift,BTC,CBBTC,0.0002,19865,0.1212,60606.14,,,,
2026-01-23T03:55:09.392Z,swap,Rift,BTC,CBBTC,0.0002,19865,0.1212,,cnwwMTliZThmZC1kYTIxLTcxNjMtYjEyMi05ZjJhY2VlNjI2Nzk,pending,,
2026-01-23T03:55:14.041Z,quote,Rift,BTC,USDC,0.0002,17577872,0.1212,60606.14,,,,
2026-01-23T03:55:15.034Z,swap,Rift,BTC,USDC,0.0002,17577872,0.1212,,cnwwMTliZThmZC1lZmRiLTcyODAtYjViZi0yM2VjMzBjNDE2ODF8Yw,pending,,
2026-01-23T03:55:20.069Z,quote,Rift,BTC,ETH,0.0002,5951582963943643,0.1221,61055.08,,,,
2026-01-23T03:55:20.981Z,swap,Rift,BTC,ETH,0.0002,5951582963943643,0.1221,,cnwwMTliZThmZS0wNzY4LTcwODAtOGMxNS04ZGRkMzNhOTliYTR8Yw,pending,,
2026-01-23T03:55:21.121Z,quote,Rift,CBBTC,BTC,0.0002,19708,0.2622,131088.85,,,,
2026-01-23T03:55:21.801Z,swap,Rift,CBBTC,BTC,0.0002,19708,0.2622,,cnwwMTliZThmZS0wOWFiLTdjNTItYjFhMC03YjI5ZDg1OTE4Yzk,pending,,
2026-01-23T03:55:26.784Z,quote,Rift,USDC,BTC,20,21521,0.2640,1.32,,,,
2026-01-23T03:55:31.839Z,swap,Rift,USDC,BTC,20,21521,0.2640,,Y3wweDNhMzE1MDg5NWI3M2MyOTMyODA4MjM3NTNhMTAwYjY4OWJjNGZkNTNhZGRiNWM1OWUwNGVlNGQ2Yjc2NjAxMjlmNjI3YjYyODU3NTllNGZhOWNhMTIxNGMzMWY2NzQ4YWZhYWQ3NjZjNjk3MmY4M2J8MDE5YmU4ZmUtMjA0ZC03YzgxLTgyMzItYTllMzliNjNiMzUy,pending,,
2026-01-23T03:55:36.517Z,quote,Rift,ETH,BTC,0.006,19023,0.2747,4579.13,,,,
2026-01-23T03:55:42.090Z,swap,Rift,ETH,BTC,0.006,19023,0.2747,,Y3wweGE2ZjQxYmE0MGIyOWU4MmUzZTRlM2YyOWJjMjRkOGE5YzI2ZmVkNjExYzYwYjJiZWJkNDYyMjdmZjg5ZDU5N2NiYTNjYjQ0OWJkMmI0YWRkZGJjODk0ZDg2OTdmNTE3MDgwMGVhZGVjZmZmZmZmZmZ8MDE5YmU4ZmUtNDYyZi03ZjQwLThiMWMtZDBhMjQzYTU5MWM2,pending,,
2026-01-23T03:57:39.699Z,settlement,Rift,CBBTC,BTC,0.0002,19708,0.2622,,cnwwMTliZThmZS0wOWFiLTdjNTItYjFhMC03YjI5ZDg1OTE4Yzk,waiting_mm_deposit_confirmed,a45fe42a3ae4a9d6d15cf4a2c426e2c5340d513deb75b0801d0e88ccee30387c,19708
2026-01-23T03:58:09.637Z,settlement,Rift,USDC,BTC,20,21521,0.2640,,Y3wweDNhMzE1MDg5NWI3M2MyOTMyODA4MjM3NTNhMTAwYjY4OWJjNGZkNTNhZGRiNWM1OWUwNGVlNGQ2Yjc2NjAxMjlmNjI3YjYyODU3NTllNGZhOWNhMTIxNGMzMWY2NzQ4YWZhYWQ3NjZjNjk3MmY4M2J8MDE5YmU4ZmUtMjA0ZC03YzgxLTgyMzItYTllMzliNjNiMzUy,waiting_mm_deposit_confirmed,c76449a590eded6430095254f46e90e97a78ce62de4409ceff095395476cc8df,21808
2026-01-23T03:58:39.665Z,settlement,Rift,ETH,BTC,0.006,19023,0.2747,,Y3wweGE2ZjQxYmE0MGIyOWU4MmUzZTRlM2YyOWJjMjRkOGE5YzI2ZmVkNjExYzYwYjJiZWJkNDYyMjdmZjg5ZDU5N2NiYTNjYjQ0OWJkMmI0YWRkZGJjODk0ZDg2OTdmNTE3MDgwMGVhZGVjZmZmZmZmZmZ8MDE5YmU4ZmUtNDYyZi03ZjQwLThiMWMtZDBhMjQzYTU5MWM2,waiting_mm_deposit_confirmed,72ff65eb9d6df1278c52b939050d4b67c2a4d25ed002a0d4ccaf16082b83d2f7,19277
2026-01-23T04:56:04.856Z,settlement,Rift,BTC,CBBTC,0.0002,19863,0.1230,,cnwwMTliZThlYi01MjkyLTc0MDItYTFlOS00N2U3ZDU4NmE2ODI,waiting_mm_deposit_confirmed,0xfb6659e2f81b0ff4383e29cc205b0d66cd7ed2a7ad60f2985b92627a1f170825,19863
2026-01-23T04:56:05.020Z,settlement,Rift,BTC,USDC,0.0002,17564275,0.1230,,cnwwMTliZThlYi02YWY4LTcxZDAtOWM0Yy1lZDJmZDc1MDllMTF8Yw,waiting_mm_deposit_confirmed,0xfb6659e2f81b0ff4383e29cc205b0d66cd7ed2a7ad60f2985b92627a1f170825,19863
2026-01-23T04:56:05.235Z,settlement,Rift,BTC,ETH,0.0002,5952018750703129,0.1230,,cnwwMTliZThlYi04MWY3LTc2MzEtYjIzNi0yMzAyMGVkMTdjNTd8Yw,waiting_mm_deposit_confirmed,0xc31c7eb6d37f40f7fd52b33775b1048cdb380b614d72ada1c0c475d5b1630c59,19863
2026-01-23T04:58:45.096Z,settlement,Rift,BTC,CBBTC,0.0002,19865,0.1212,,cnwwMTliZThmZC1kYTIxLTcxNjMtYjEyMi05ZjJhY2VlNjI2Nzk,waiting_mm_deposit_confirmed,0x043df7727f32afd7ccdff0e643b1d08331442c56b7d5d3d15df367687ca59831,19865
2026-01-23T04:58:45.268Z,settlement,Rift,BTC,USDC,0.0002,17577872,0.1212,,cnwwMTliZThmZC1lZmRiLTcyODAtYjViZi0yM2VjMzBjNDE2ODF8Yw,waiting_mm_deposit_confirmed,0x043df7727f32afd7ccdff0e643b1d08331442c56b7d5d3d15df367687ca59831,19865
2026-01-23T04:58:45.389Z,settlement,Rift,BTC,ETH,0.0002,5951582963943643,0.1221,,cnwwMTliZThmZS0wNzY4LTcwODAtOGMxNS04ZGRkMzNhOTliYTR8Yw,waiting_mm_deposit_confirmed,0x6ddfd9e0825a07405f1ceb45ef46cb7dce47323c1b422d45d9db92f60f4a3441,19864
2026-01-23T05:35:07.580Z,quote,Rift,BTC,CBBTC,0.0002,19843,0.1405,70230.90,,,,
2026-01-23T05:35:08.450Z,swap,Rift,BTC,CBBTC,0.0002,19843,0.1405,,cnwwMTliZTk1OS02MzA2LTdjMzEtYTg0MC0zNjk2OWZiMzExN2E,pending,,
2026-01-23T05:35:13.124Z,quote,Rift,BTC,USDC,0.0002,17546171,0.1405,70230.90,,,,
2026-01-23T05:35:14.092Z,swap,Rift,BTC,USDC,0.0002,17546171,0.1405,,cnwwMTliZTk1OS03OTRjLTc0MzAtOTRiMi0yNjJmODk0ZWQzMTJ8Yw,pending,,
2026-01-23T05:35:18.688Z,quote,Rift,BTC,ETH,0.0002,5915678465605882,0.1405,70230.90,,,,
2026-01-23T05:35:19.725Z,swap,Rift,BTC,ETH,0.0002,5915678465605882,0.1405,,cnwwMTliZTk1OS04ZjVlLTc5ODAtODNkMy0wZjgxYjRhMTcxMmR8Yw,pending,,
2026-01-23T05:44:13.731Z,settlement,Rift,BTC,CBBTC,0.0002,19843,0.1405,,cnwwMTliZTk1OS02MzA2LTdjMzEtYTg0MC0zNjk2OWZiMzExN2E,waiting_mm_deposit_confirmed,0xc6abefa98a334d05dfee8cc426ecb22173aec3be7e3c9cd6c539b5364b87575a,19843
2026-01-23T05:44:13.908Z,settlement,Rift,BTC,USDC,0.0002,17546171,0.1405,,cnwwMTliZTk1OS03OTRjLTc0MzAtOTRiMi0yNjJmODk0ZWQzMTJ8Yw,waiting_mm_deposit_confirmed,0xc6abefa98a334d05dfee8cc426ecb22173aec3be7e3c9cd6c539b5364b87575a,19843
2026-01-23T05:44:14.038Z,settlement,Rift,BTC,ETH,0.0002,5915678465605882,0.1405,,cnwwMTliZTk1OS04ZjVlLTc5ODAtODNkMy0wZjgxYjRhMTcxMmR8Yw,waiting_mm_deposit_confirmed,0xc6abefa98a334d05dfee8cc426ecb22173aec3be7e3c9cd6c539b5364b87575a,19843
2026-01-23T05:55:42.507Z,quote,Rift,BTC,CBBTC,0.0002,19770,0.2059,102943.68,,,,
2026-01-23T05:55:43.217Z,swap,Rift,BTC,CBBTC,0.0002,19770,0.2059,,cnwwMTliZTk2Yy0zYTBkLTczYTEtOWNhMi0yYzE0MDA4YmU5Yzg,pending,,
2026-01-23T05:55:47.895Z,quote,Rift,BTC,USDC,0.0002,17504772,0.2059,102943.68,,,,
2026-01-23T05:55:48.791Z,swap,Rift,BTC,USDC,0.0002,17504772,0.2059,,cnwwMTliZTk2Yy01MDM5LTc4MzAtODg0Yy1lODc0Zjg1Yzc1YzZ8Yw,pending,,
2026-01-23T05:55:53.391Z,quote,Rift,BTC,ETH,0.0002,5893696705776262,0.2059,102943.68,,,,
2026-01-23T05:55:54.273Z,swap,Rift,BTC,ETH,0.0002,5893696705776262,0.2059,,cnwwMTliZTk2Yy02NWI0LTcwZjEtODVjNy0wMGMxODg5N2QyYjN8Yw,pending,,
2026-01-23T06:20:52.894Z,settlement,Rift,BTC,CBBTC,0.0002,19770,0.2059,,cnwwMTliZTk2Yy0zYTBkLTczYTEtOWNhMi0yYzE0MDA4YmU5Yzg,waiting_mm_deposit_confirmed,0xcb0876ea1185cd12426a1a6a9ef5b6a343c81df67950a1947daa8fe6c32ce65b,19770
2026-01-23T06:20:53.087Z,settlement,Rift,BTC,USDC,0.0002,17504772,0.2059,,cnwwMTliZTk2Yy01MDM5LTc4MzAtODg0Yy1lODc0Zjg1Yzc1YzZ8Yw,waiting_mm_deposit_confirmed,0xcb0876ea1185cd12426a1a6a9ef5b6a343c81df67950a1947daa8fe6c32ce65b,19770
2026-01-23T06:20:53.199Z,settlement,Rift,BTC,ETH,0.0002,5893696705776262,0.2059,,cnwwMTliZTk2Yy02NWI0LTcwZjEtODVjNy0wMGMxODg5N2QyYjN8Yw,waiting_mm_deposit_confirmed,0xcb0876ea1185cd12426a1a6a9ef5b6a343c81df67950a1947daa8fe6c32ce65b,19770
2026-01-23T07:55:42.620Z,quote,Rift,CBBTC,BTC,0.0002,19658,0.3058,152877.71,,,,
2026-01-23T07:55:43.481Z,swap,Rift,CBBTC,BTC,0.0002,19658,0.3058,,cnwwMTliZTlkYS0xNzk1LTcxZjAtYmJiZi0zYzk3YWFhZDI3ODU,pending,,
2026-01-23T07:55:48.192Z,quote,Rift,USDC,BTC,20,21529,0.3075,1.54,,,,
2026-01-23T07:55:53.168Z,swap,Rift,USDC,BTC,20,21529,0.3075,,Y3wweDcwNDhmN2QzNTBmOTZjYjQ3M2U1ZWQ1ZjAzYmE2MDBkMTU4ODJhNzAyYWE5YWRiNGYxMmNjMGZhMjM5ZTg2MDFmNjI3YjYyODU3NTllNGZhOWNhMTIxNGMzMWY2NzQ4YWZhYWQ3NjZjNjk3MzMwOTB8MDE5YmU5ZGEtMmNmMC03YTkwLWFkNDUtNGQ2YzQxM2Q0ZWRl,pending,,
2026-01-23T07:55:57.771Z,quote,Rift,ETH,BTC,0.006,18970,0.3058,5095.92,,,,
2026-01-23T07:56:03.120Z,swap,Rift,ETH,BTC,0.006,18970,0.3058,,Y3wweGY1MmVkNzRkYmYzNTNkMjc1ZjgwNmUwOWI4OTMzNGMzYTEwYTNkODljMzIwZTQ3NmYxZTAwMTJlM2QzZjg5NTBiYTNjYjQ0OWJkMmI0YWRkZGJjODk0ZDg2OTdmNTE3MDgwMGVhZGVjZmZmZmZmZmZ8MDE5YmU5ZGEtNTIxNy03YjMxLTg4ODUtZTliYzQyYTA5ZWI0,pending,,
2026-01-23T07:58:26.315Z,settlement,Rift,USDC,BTC,20,21529,0.3075,,Y3wweDcwNDhmN2QzNTBmOTZjYjQ3M2U1ZWQ1ZjAzYmE2MDBkMTU4ODJhNzAyYWE5YWRiNGYxMmNjMGZhMjM5ZTg2MDFmNjI3YjYyODU3NTllNGZhOWNhMTIxNGMzMWY2NzQ4YWZhYWQ3NjZjNjk3MzMwOTB8MDE5YmU5ZGEtMmNmMC03YTkwLWFkNDUtNGQ2YzQxM2Q0ZWRl,waiting_mm_deposit_confirmed,ebd6d3f9e45ba2bfb71e6b03b04c62752922f3efde592e7fb65508354fa28342,21808
2026-01-23T07:58:56.295Z,settlement,Rift,ETH,BTC,0.006,18970,0.3058,,Y3wweGY1MmVkNzRkYmYzNTNkMjc1ZjgwNmUwOWI4OTMzNGMzYTEwYTNkODljMzIwZTQ3NmYxZTAwMTJlM2QzZjg5NTBiYTNjYjQ0OWJkMmI0YWRkZGJjODk0ZDg2OTdmNTE3MDgwMGVhZGVjZmZmZmZmZmZ8MDE5YmU5ZGEtNTIxNy03YjMxLTg4ODUtZTliYzQyYTA5ZWI0,waiting_mm_deposit_confirmed,602f7689471a302a1d8a6a6c58582b0d553ae60ff764f37387f1fd0a81f72712,19218
2026-01-23T09:35:07.872Z,quote,Rift,BTC,CBBTC,0.0002,19820,0.1602,80079.39,,,,
2026-01-23T09:35:08.582Z,swap,Rift,BTC,CBBTC,0.0002,19820,0.1602,,cnwwMTliZWEzNS0xZDc1LTdmYTMtYTU1ZC1kYzA1Mjc0Y2ZhNjk,pending,,
2026-01-23T09:35:13.837Z,quote,Rift,BTC,USDC,0.0002,17216936,0.1602,80079.39,,,,
2026-01-23T09:35:14.988Z,swap,Rift,BTC,USDC,0.0002,17216936,0.1602,,cnwwMTliZWEzNS0zNWM5LTc2MzEtYmZjZS0xMmZlNTlmNjU4NTl8Yw,pending,,
2026-01-23T09:35:19.578Z,quote,Rift,BTC,ETH,0.0002,5930348590617919,0.1610,80524.27,,,,
2026-01-23T09:35:20.523Z,swap,Rift,BTC,ETH,0.0002,5930348590617919,0.1610,,cnwwMTliZWEzNS00YzJkLTcyMTAtYjIzYy0xZGI3MmI1MDcwYTh8Yw,pending,,
2026-01-23T09:55:42.571Z,quote,Rift,BTC,CBBTC,0.0002,19739,0.2319,115964.13,,,,
2026-01-23T09:55:43.102Z,swap,Rift,BTC,CBBTC,0.0002,19739,0.2319,,cnwwMTliZWE0Ny1mNDFhLTc3NzAtODFmNS0xMDllY2E4ZGIyYmM,pending,,
2026-01-23T09:55:47.675Z,quote,Rift,BTC,USDC,0.0002,17110722,0.2319,115964.13,,,,
2026-01-23T09:55:48.525Z,swap,Rift,BTC,USDC,0.0002,17110722,0.2319,,cnwwMTliZWE0OC0wOTViLTcxMTAtOGVkZC1jYzI5ZGU2MDMyZDB8Yw,pending,,
2026-01-23T09:55:53.112Z,quote,Rift,BTC,ETH,0.0002,5863575091165617,0.2328,116408.44,,,,
2026-01-23T09:55:53.913Z,swap,Rift,BTC,ETH,0.0002,5863575091165617,0.2328,,cnwwMTliZWE0OC0xZTViLTcwODAtYTg2NS0xZWNhY2MxZTFmZGJ8Yw,pending,,
2026-01-23T09:56:01.022Z,settlement,Rift,CBBTC,BTC,0.0002,19658,0.3058,,cnwwMTliZTlkYS0xNzk1LTcxZjAtYmJiZi0zYzk3YWFhZDI3ODU,timeout,,
2026-01-23T10:01:53.369Z,settlement,Rift,BTC,CBBTC,0.0002,19820,0.1602,,cnwwMTliZWEzNS0xZDc1LTdmYTMtYTU1ZC1kYzA1Mjc0Y2ZhNjk,waiting_mm_deposit_confirmed,0x3b7b6fb19659385962800c6eee53b2f16a87edbf4466a1e793073a6898822a0b,19820
2026-01-23T10:01:53.533Z,settlement,Rift,BTC,USDC,0.0002,17216936,0.1602,,cnwwMTliZWEzNS0zNWM5LTc2MzEtYmZjZS0xMmZlNTlmNjU4NTl8Yw,waiting_mm_deposit_confirmed,0x3b7b6fb19659385962800c6eee53b2f16a87edbf4466a1e793073a6898822a0b,19820
2026-01-23T10:01:53.653Z,settlement,Rift,BTC,ETH,0.0002,5930348590617919,0.1610,,cnwwMTliZWEzNS00YzJkLTcyMTAtYjIzYy0xZGI3MmI1MDcwYTh8Yw,waiting_mm_deposit_confirmed,0x3b7b6fb19659385962800c6eee53b2f16a87edbf4466a1e793073a6898822a0b,19819
2026-01-23T10:02:02.398Z,settlement,Rift,BTC,CBBTC,0.0002,19739,0.2319,,cnwwMTliZWE0Ny1mNDFhLTc3NzAtODFmNS0xMDllY2E4ZGIyYmM,waiting_mm_deposit_confirmed,0x3b7b6fb19659385962800c6eee53b2f16a87edbf4466a1e793073a6898822a0b,19739
2026-01-23T10:02:02.650Z,settlement,Rift,BTC,USDC,0.0002,17110722,0.2319,,cnwwMTliZWE0OC0wOTViLTcxMTAtOGVkZC1jYzI5ZGU2MDMyZDB8Yw,waiting_mm_deposit_confirmed,0x3b7b6fb19659385962800c6eee53b2f16a87edbf4466a1e793073a6898822a0b,19739
2026-01-23T10:02:02.766Z,settlement,Rift,BTC,ETH,0.0002,5863575091165617,0.2328,,cnwwMTliZWE0OC0xZTViLTcwODAtYTg2NS0xZWNhY2MxZTFmZGJ8Yw,waiting_mm_deposit_confirmed,0x3b7b6fb19659385962800c6eee53b2f16a87edbf4466a1e793073a6898822a0b,19738
2026-01-23T11:55:42.690Z,quote,Rift,CBBTC,BTC,0.0002,19559,0.3931,196568.24,,,,
2026-01-23T11:55:43.721Z,swap,Rift,CBBTC,BTC,0.0002,19559,0.3931,,cnwwMTliZWFiNS1kMmNlLTc4NTEtYThjNi0wZGM4MDNiNmIwZWE,pending,,
2026-01-23T11:55:48.433Z,quote,Rift,USDC,BTC,20,21240,0.4939,2.47,,,,
2026-01-23T11:55:53.824Z,swap,Rift,USDC,BTC,20,21240,0.4939,,Y3wweDk2MTE2NWI0MjM4MThmZGM5Mjg4OWQyZWFlODBkZDUwOTE4NjE3NWZjN2UyNDEyYTc0NzAwZDc4OTY0OWE3MTlmNjI3YjYyODU3NTllNGZhOWNhMTIxNGMzMWY2NzQ4YWZhYWQ3NjZjNjk3MzY4ZDF8MDE5YmVhYjUtZTgxOS03MzcwLWEwOWMtMmJiYzhiMTFkMGRl,pending,,
2026-01-23T11:55:58.438Z,quote,Rift,ETH,BTC,0.006,18477,0.4921,8201.49,,,,
2026-01-23T11:56:03.735Z,swap,Rift,ETH,BTC,0.006,18477,0.4921,,Y3wweDgxMGRlYWJjOGY3OTg4OGExMmU4MGVkNzE5MWY2ZGQ4MTQwZGY1NmYyYmFiMmU2Zjk4MGY1ZTI4OWRkMTNhN2FiYTNjYjQ0OWJkMmI0YWRkZGJjODk0ZDg2OTdmNTE3MDgwMGVhZGVjZmZmZmZmZmZ8MDE5YmVhYjYtMGYzMi03ZmExLTg5ZTgtMjM1M2U1YWU4ZDRi,pending,,
2026-01-23T11:58:06.942Z,settlement,Rift,CBBTC,BTC,0.0002,19559,0.3931,,cnwwMTliZWFiNS1kMmNlLTc4NTEtYThjNi0wZGM4MDNiNmIwZWE,waiting_mm_deposit_confirmed,9cb4d574643a1e2f6613e2d2b90bd47567880c72fde36635197ae1260aa929e9,19559
2026-01-23T11:58:37.360Z,settlement,Rift,USDC,BTC,20,21240,0.4939,,Y3wweDk2MTE2NWI0MjM4MThmZGM5Mjg4OWQyZWFlODBkZDUwOTE4NjE3NWZjN2UyNDEyYTc0NzAwZDc4OTY0OWE3MTlmNjI3YjYyODU3NTllNGZhOWNhMTIxNGMzMWY2NzQ4YWZhYWQ3NjZjNjk3MzY4ZDF8MDE5YmVhYjUtZTgxOS03MzcwLWEwOWMtMmJiYzhiMTFkMGRl,waiting_mm_deposit_confirmed,9200e2c8838fe05024d1938fdbb24765726be5cba043ebdacd61610deebcca90,21545
2026-01-23T11:59:07.334Z,settlement,Rift,ETH,BTC,0.006,18477,0.4921,,Y3wweDgxMGRlYWJjOGY3OTg4OGExMmU4MGVkNzE5MWY2ZGQ4MTQwZGY1NmYyYmFiMmU2Zjk4MGY1ZTI4OWRkMTNhN2FiYTNjYjQ0OWJkMmI0YWRkZGJjODk0ZDg2OTdmNTE3MDgwMGVhZGVjZmZmZmZmZmZ8MDE5YmVhYjYtMGYzMi03ZmExLTg5ZTgtMjM1M2U1YWU4ZDRi,waiting_mm_deposit_confirmed,705a7fb00adfb66c11c0c2b02b7c99e7c9fd3490577d174f1174165967dc1995,18922
2026-01-23T13:35:07.744Z,quote,Rift,BTC,CBBTC,0.0002,19844,0.1391,69550.81,,,,
2026-01-23T13:35:08.458Z,swap,Rift,BTC,CBBTC,0.0002,19844,0.1391,,cnwwMTliZWIxMC1kNzY1LTcyYzItYjc0MS0yMjNmODJhZTM3ZDM,pending,,
2026-01-23T13:35:13.425Z,quote,Rift,BTC,USDC,0.0002,17320030,0.1391,69550.81,,,,
2026-01-23T13:35:15.699Z,swap,Rift,BTC,USDC,0.0002,17320030,0.1391,,cnwwMTliZWIxMC1mMjhkLTcwYzEtYjAzNC1kZWE5NjVhNzBhM2R8Yw,pending,,
2026-01-23T13:35:20.320Z,quote,Rift,BTC,ETH,0.0002,5882134067155696,0.1489,74455.04,,,,
2026-01-23T13:35:21.832Z,swap,Rift,BTC,ETH,0.0002,5882134067155696,0.1489,,cnwwMTliZWIxMS0wYjk0LTdhOTMtYjk4MS1jNTAzYzYwODgyZjJ8Yw,pending,,
2026-01-23T13:55:42.497Z,quote,Rift,BTC,CBBTC,0.0002,19793,0.1849,92439.90,,,,
2026-01-23T13:55:43.083Z,swap,Rift,BTC,CBBTC,0.0002,19793,0.1849,,cnwwMTliZWIyMy1hZGZkLTc2NjItOGEwZi0zNWIwNGIxY2FiZDQ,pending,,
2026-01-23T13:55:47.973Z,quote,Rift,BTC,USDC,0.0002,17274372,0.1849,92439.90,,,,
2026-01-23T13:55:49.136Z,swap,Rift,BTC,USDC,0.0002,17274372,0.1849,,cnwwMTliZWIyMy1jNWRkLTdlNjMtODU1NC0xYTRkZWQ5NGQ4NzV8Yw,pending,,
2026-01-23T13:55:53.766Z,quote,Rift,BTC,ETH,0.0002,5877737794863967,0.2090,104497.28,,,,
2026-01-23T13:55:55.566Z,swap,Rift,BTC,ETH,0.0002,5877737794863967,0.2090,,cnwwMTliZWIyMy1kZWViLTc3YzAtYTlmZC00M2E0MGYzOTc3MGF8Yw,pending,,
2026-01-23T14:01:16.144Z,settlement,Rift,BTC,CBBTC,0.0002,19844,0.1391,,cnwwMTliZWIxMC1kNzY1LTcyYzItYjc0MS0yMjNmODJhZTM3ZDM,waiting_mm_deposit_confirmed,0x4c05a4ea4b1156a5af5e001a89de76c2b8bffbb0fa3259e095ccaffa1853860c,19844
2026-01-23T14:01:16.296Z,settlement,Rift,BTC,USDC,0.0002,17320030,0.1391,,cnwwMTliZWIxMC1mMjhkLTcwYzEtYjAzNC1kZWE5NjVhNzBhM2R8Yw,waiting_mm_deposit_confirmed,0x4c05a4ea4b1156a5af5e001a89de76c2b8bffbb0fa3259e095ccaffa1853860c,19844
2026-01-23T14:01:16.416Z,settlement,Rift,BTC,ETH,0.0002,5882134067155696,0.1489,,cnwwMTliZWIxMS0wYjk0LTdhOTMtYjk4MS1jNTAzYzYwODgyZjJ8Yw,waiting_mm_deposit_confirmed,0x55e0087de2dabbb1e9454563ab19a91b256790593fa2109b07a90ee99f489ef8,19833
2026-01-23T14:03:05.810Z,settlement,Rift,BTC,CBBTC,0.0002,19793,0.1849,,cnwwMTliZWIyMy1hZGZkLTc2NjItOGEwZi0zNWIwNGIxY2FiZDQ,waiting_mm_deposit_confirmed,0xfa7d5095a9a637c495a9188a155002266ee408fc4e1e2e9bae3dfb042d3ca7de,19793
2026-01-23T14:03:06.124Z,settlement,Rift,BTC,USDC,0.0002,17274372,0.1849,,cnwwMTliZWIyMy1jNWRkLTdlNjMtODU1NC0xYTRkZWQ5NGQ4NzV8Yw,waiting_mm_deposit_confirmed,0xfa7d5095a9a637c495a9188a155002266ee408fc4e1e2e9bae3dfb042d3ca7de,19793
2026-01-23T14:03:06.238Z,settlement,Rift,BTC,ETH,0.0002,5877737794863967,0.2090,,cnwwMTliZWIyMy1kZWViLTc3YzAtYTlmZC00M2E0MGYzOTc3MGF8Yw,waiting_mm_deposit_confirmed,0xfa7d5095a9a637c495a9188a155002266ee408fc4e1e2e9bae3dfb042d3ca7de,19766
2026-01-23T15:55:42.650Z,quote,Rift,CBBTC,BTC,0.0002,19131,0.7777,388858.10,,,,
2026-01-23T15:55:43.622Z,swap,Rift,CBBTC,BTC,0.0002,19131,0.7777,,cnwwMTliZWI5MS04YzljLTc1OTMtOGJhNy00NzgzNWU5Mjk1ZjA,pending,,
2026-01-23T15:55:48.273Z,quote,Rift,USDC,BTC,20,20582,0.7795,3.90,,,,
2026-01-23T15:55:53.178Z,swap,Rift,USDC,BTC,20,20582,0.7795,,Y3wweGY1YzU4NTE4MGRhN2IwYjY5ODA2NDJhMjhmZDdjNDBlYjJlNzgxNTRkYTc4NDMzYjZhMzA0ZTk2Y2RmZWNmZmFmNjI3YjYyODU3NTllNGZhOWNhMTIxNGMzMWY2NzQ4YWZhYWQ3NjZjNjk3M2ExMTB8MDE5YmViOTEtYTE3Yi03MDMyLTk3OWQtNzY4YThlOGViOTk2,pending,,
2026-01-23T15:55:57.722Z,quote,Rift,ETH,BTC,0.006,17928,0.7983,13305.00,,,,
2026-01-23T15:56:02.991Z,swap,Rift,ETH,BTC,0.006,17928,0.7983,,Y3wweDYyNDg5NTBiYmI5OWE4YjBmNTUxMzQ2NGJmMzNmMDdmZTJlMTkwZTBjZDUzZGRlMDRiODU1OGExNzE4YTNjYzNiYTNjYjQ0OWJkMmI0YWRkZGJjODk0ZDg2OTdmNTE3MDgwMGVhZGVjZmZmZmZmZmZ8MDE5YmViOTEtYzYyYi03OGIyLTgxNzItYjg2NGJhNmNkNmY3,pending,,
2026-01-23T15:57:54.702Z,settlement,Rift,CBBTC,BTC,0.0002,19131,0.7777,,cnwwMTliZWI5MS04YzljLTc1OTMtOGJhNy00NzgzNWU5Mjk1ZjA,waiting_mm_deposit_confirmed,da0006c2809d85e994d1494c72385cd70b6e5aac5b53f640847b53adaf52d8b2,19131
2026-01-23T15:58:55.081Z,settlement,Rift,USDC,BTC,20,20582,0.7795,,Y3wweGY1YzU4NTE4MGRhN2IwYjY5ODA2NDJhMjhmZDdjNDBlYjJlNzgxNTRkYTc4NDMzYjZhMzA0ZTk2Y2RmZWNmZmFmNjI3YjYyODU3NTllNGZhOWNhMTIxNGMzMWY2NzQ4YWZhYWQ3NjZjNjk3M2ExMTB8MDE5YmViOTEtYTE3Yi03MDMyLTk3OWQtNzY4YThlOGViOTk2,waiting_mm_deposit_confirmed,fdbad6a744418144c9f1bbbbf1b94248397e7753cfd92c779ecfe2b3145c06f1,21002
2026-01-23T15:59:25.162Z,settlement,Rift,ETH,BTC,0.006,17928,0.7983,,Y3wweDYyNDg5NTBiYmI5OWE4YjBmNTUxMzQ2NGJmMzNmMDdmZTJlMTkwZTBjZDUzZGRlMDRiODU1OGExNzE4YTNjYzNiYTNjYjQ0OWJkMmI0YWRkZGJjODk0ZDg2OTdmNTE3MDgwMGVhZGVjZmZmZmZmZmZ8MDE5YmViOTEtYzYyYi03OGIyLTgxNzItYjg2NGJhNmNkNmY3,waiting_mm_deposit_confirmed,f271ee5eda2d3b713a0a67a1487b181462f1d3b76de1413db5c76a03679cdd5d,18358
2026-01-23T17:35:07.520Z,quote,Rift,BTC,CBBTC,0.0002,19412,0.5339,266931.02,,,,
2026-01-23T17:35:08.343Z,swap,Rift,BTC,CBBTC,0.0002,19412,0.5339,,cnwwMTliZWJlYy05MDljLTdiNTAtYjc1Yi04M2FhMjRjMmM3N2I,pending,,
2026-01-23T17:35:13.324Z,quote,Rift,BTC,USDC,0.0002,17200879,0.5339,266931.02,,,,
2026-01-23T17:35:14.274Z,swap,Rift,BTC,USDC,0.0002,17200879,0.5339,,cnwwMTliZWJlYy1hN2Y3LTc3YTAtOTI3NS0xOTNjMjhhZWI4YzR8Yw,pending,,
2026-01-23T17:35:19.162Z,quote,Rift,BTC,ETH,0.0002,5745574160135652,0.5339,266931.02,,,,
2026-01-23T17:35:19.905Z,swap,Rift,BTC,ETH,0.0002,5745574160135652,0.5339,,cnwwMTliZWJlYy1iZTE4LTc1OTMtYjBhOS04MDQ4ZmU2YzM0MTZ8Yw,pending,,
2026-01-23T17:54:15.898Z,settlement,Rift,BTC,CBBTC,0.0002,19412,0.5339,,cnwwMTliZWJlYy05MDljLTdiNTAtYjc1Yi04M2FhMjRjMmM3N2I,waiting_mm_deposit_confirmed,0x853043d9d46a6ceb7514cf52e39ebbdd70cee81f075a76d874389ddad3c43ec5,19412
2026-01-23T17:54:16.084Z,settlement,Rift,BTC,USDC,0.0002,17200879,0.5339,,cnwwMTliZWJlYy1hN2Y3LTc3YTAtOTI3NS0xOTNjMjhhZWI4YzR8Yw,waiting_mm_deposit_confirmed,0x853043d9d46a6ceb7514cf52e39ebbdd70cee81f075a76d874389ddad3c43ec5,19412
2026-01-23T17:54:16.196Z,settlement,Rift,BTC,ETH,0.0002,5745574160135652,0.5339,,cnwwMTliZWJlYy1iZTE4LTc1OTMtYjBhOS04MDQ4ZmU2YzM0MTZ8Yw,waiting_mm_deposit_confirmed,0x853043d9d46a6ceb7514cf52e39ebbdd70cee81f075a76d874389ddad3c43ec5,19412
2026-01-23T17:55:42.422Z,quote,Rift,BTC,CBBTC,0.0002,19787,0.1930,96485.58,,,,
2026-01-23T17:55:42.954Z,swap,Rift,BTC,CBBTC,0.0002,19787,0.1930,,cnwwMTliZWJmZi02Nzg5LTc5NTMtOWZlNC04NWMxYWQ4MTQ2YjA,pending,,
2026-01-23T17:55:47.922Z,quote,Rift,BTC,USDC,0.0002,17532709,0.1930,96485.58,,,,
2026-01-23T17:55:48.744Z,swap,Rift,BTC,USDC,0.0002,17532709,0.1930,,cnwwMTliZWJmZi03ZTNhLTc1YzEtOGVjNS03Mzg0MmE4MzhhYTh8Yw,pending,,
2026-01-23T17:55:53.321Z,quote,Rift,BTC,ETH,0.0002,5881842568362312,0.1930,96485.58,,,,
2026-01-23T17:55:54.491Z,swap,Rift,BTC,ETH,0.0002,5881842568362312,0.1930,,cnwwMTliZWJmZi05NGEyLTc4NTAtODA1ZS05NjVmMjIzNDMxNDN8Yw,pending,,
2026-01-23T18:27:55.269Z,settlement,Rift,BTC,CBBTC,0.0002,19787,0.1930,,cnwwMTliZWJmZi02Nzg5LTc5NTMtOWZlNC04NWMxYWQ4MTQ2YjA,waiting_mm_deposit_confirmed,0x2655a49920173f077b6ae2870825aecc2050db6fa3e6262987e31ff48c7f74f9,19787
2026-01-23T18:27:55.548Z,settlement,Rift,BTC,USDC,0.0002,17532709,0.1930,,cnwwMTliZWJmZi03ZTNhLTc1YzEtOGVjNS03Mzg0MmE4MzhhYTh8Yw,waiting_mm_deposit_confirmed,0x2655a49920173f077b6ae2870825aecc2050db6fa3e6262987e31ff48c7f74f9,19787
2026-01-23T18:27:55.671Z,settlement,Rift,BTC,ETH,0.0002,5881842568362312,0.1930,,cnwwMTliZWJmZi05NGEyLTc4NTAtODA1ZS05NjVmMjIzNDMxNDN8Yw,waiting_mm_deposit_confirmed,0x2655a49920173f077b6ae2870825aecc2050db6fa3e6262987e31ff48c7f74f9,19787
2026-01-23T19:55:42.523Z,quote,Rift,CBBTC,BTC,0.0002,19693,0.2755,137758.23,,,,
2026-01-23T19:55:43.506Z,swap,Rift,CBBTC,BTC,0.0002,19693,0.2755,,cnwwMTliZWM2ZC00NjBhLTdmNjItYmM4Yy1hYTdmMTA2YjYzYmE,pending,,
2026-01-23T19:55:48.185Z,quote,Rift,USDC,BTC,20,21291,0.2773,1.39,,,,
2026-01-23T19:55:53.399Z,swap,Rift,USDC,BTC,20,21291,0.2773,,Y3wweGUwNDE1NTY4OTBlZTM1NjQyYjA4YTI3YzJlYWQwMzNlYWQ0MTY5OGMwZGM2YTY0MTUyZWUyMzVjYTI1OGNmOTFmNjI3YjYyODU3NTllNGZhOWNhMTIxNGMzMWY2NzQ4YWZhYWQ3NjZjNjk3M2Q5NTF8MDE5YmVjNmQtNWFjZS03ZjAyLWJhM2EtYmU0N2Q4NmI0ZDEy,pending,,
2026-01-23T19:55:57.999Z,quote,Rift,ETH,BTC,0.006,18637,0.2791,4651.77,,,,
2026-01-23T19:56:03.262Z,swap,Rift,ETH,BTC,0.006,18637,0.2791,,Y3wweGFhOGNjMzNiNDU3NDcxYjZjMzlhMzI1MDgxMzljYTkxMjQxMGM1ZDM4NWZhZWI2ODI1NmEzMGYyOGQ4ZjY3ZjdiYTNjYjQ0OWJkMmI0YWRkZGJjODk0ZDg2OTdmNTE3MDgwMGVhZGVjZmZmZmZmZmZ8MDE5YmVjNmQtODE3NS03NTYwLTgzZWItOTg4NjU5NmNlMTEz,pending,,
2026-01-23T19:57:45.650Z,settlement,Rift,CBBTC,BTC,0.0002,19693,0.2755,,cnwwMTliZWM2ZC00NjBhLTdmNjItYmM4Yy1hYTdmMTA2YjYzYmE,waiting_mm_deposit_confirmed,bb787e75b7c3efd76f7b538027a816a85dedf1f2b3b8a69744d8204711209dd1,19693
2026-01-23T19:58:16.064Z,settlement,Rift,USDC,BTC,20,21291,0.2773,,Y3wweGUwNDE1NTY4OTBlZTM1NjQyYjA4YTI3YzJlYWQwMzNlYWQ0MTY5OGMwZGM2YTY0MTUyZWUyMzVjYTI1OGNmOTFmNjI3YjYyODU3NTllNGZhOWNhMTIxNGMzMWY2NzQ4YWZhYWQ3NjZjNjk3M2Q5NTF8MDE5YmVjNmQtNWFjZS03ZjAyLWJhM2EtYmU0N2Q4NmI0ZDEy,waiting_mm_deposit_confirmed,a1101eab958bb478bae70854186003ad9f428fc3dbfb53832304e3aaaa963305,21635
2026-01-23T19:58:45.859Z,settlement,Rift,ETH,BTC,0.006,18637,0.2791,,Y3wweGFhOGNjMzNiNDU3NDcxYjZjMzlhMzI1MDgxMzljYTkxMjQxMGM1ZDM4NWZhZWI2ODI1NmEzMGYyOGQ4ZjY3ZjdiYTNjYjQ0OWJkMmI0YWRkZGJjODk0ZDg2OTdmNTE3MDgwMGVhZGVjZmZmZmZmZmZ8MDE5YmVjNmQtODE3NS03NTYwLTgzZWItOTg4NjU5NmNlMTEz,waiting_mm_deposit_confirmed,a44638b0764f73c79716310677b19f4e82e4abbc7cf334da9adbe5d169139d55,19072
2026-01-23T21:35:08.185Z,quote,Rift,BTC,CBBTC,0.0002,19738,0.2344,117198.45,,,,
2026-01-23T21:35:08.795Z,swap,Rift,BTC,CBBTC,0.0002,19738,0.2344,,cnwwMTliZWNjOC00Yzc4LTdhZTEtYTViMS0wYzc1OTIxMzRkMjQ,pending,,
2026-01-23T21:35:13.453Z,quote,Rift,BTC,USDC,0.0002,17278033,0.2344,117198.45,,,,
2026-01-23T21:35:14.395Z,swap,Rift,BTC,USDC,0.0002,17278033,0.2344,,cnwwMTliZWNjOC02MjNlLTdjNDEtYTk4Yy1kOTFlMDM3MTdjY2R8Yw,pending,,
2026-01-23T21:35:19.297Z,quote,Rift,BTC,ETH,0.0002,5846604590975856,0.2344,117198.45,,,,
2026-01-23T21:35:20.222Z,swap,Rift,BTC,ETH,0.0002,5846604590975856,0.2344,,cnwwMTliZWNjOC03OTA4LTc5ZTMtYmY3YS02YzUzMWFmODA2M2R8Yw,pending,,
2026-01-23T21:42:10.693Z,settlement,Rift,BTC,CBBTC,0.0002,19738,0.2344,,cnwwMTliZWNjOC00Yzc4LTdhZTEtYTViMS0wYzc1OTIxMzRkMjQ,waiting_mm_deposit_confirmed,0xc2d0ac13f588c1d1bed34a8dc18ddeea7b1fb61e41d950538bfa8e267d5a6808,19738
2026-01-23T21:42:11.016Z,settlement,Rift,BTC,USDC,0.0002,17278033,0.2344,,cnwwMTliZWNjOC02MjNlLTdjNDEtYTk4Yy1kOTFlMDM3MTdjY2R8Yw,waiting_mm_deposit_confirmed,0xc2d0ac13f588c1d1bed34a8dc18ddeea7b1fb61e41d950538bfa8e267d5a6808,19738
2026-01-23T21:42:11.173Z,settlement,Rift,BTC,ETH,0.0002,5846604590975856,0.2344,,cnwwMTliZWNjOC03OTA4LTc5ZTMtYmY3YS02YzUzMWFmODA2M2R8Yw,waiting_mm_deposit_confirmed,0xc2d0ac13f588c1d1bed34a8dc18ddeea7b1fb61e41d950538bfa8e267d5a6808,19738
2026-01-23T21:52:13.918Z,quote,Rift,BTC,CBBTC,0.0002,19761,0.2135,106753.24,,,,
2026-01-23T21:52:19.214Z,quote,Rift,BTC,USDC,0.0002,17280808,0.2135,106753.24,,,,
2026-01-23T21:52:24.206Z,quote,Rift,BTC,ETH,0.0002,5852560343166088,0.2136,106779.30,,,,
2026-01-23T21:52:24.434Z,quote,Rift,CBBTC,BTC,0.0002,19432,0.5075,253768.37,,,,
2026-01-23T21:52:29.130Z,quote,Rift,USDC,BTC,20,21050,0.5093,2.55,,,,
2026-01-23T21:52:33.840Z,quote,Rift,ETH,BTC,0.006,18438,0.5075,8458.95,,,,
2026-01-23T21:52:46.620Z,quote,Rift,BTC,CBBTC,0.0002,19761,0.2136,106779.30,,,,
2026-01-23T21:52:51.668Z,quote,Rift,BTC,USDC,0.0002,17307821,0.2136,106779.30,,,,
2026-01-23T21:52:56.613Z,quote,Rift,BTC,ETH,0.0002,5850628119288163,0.2136,106779.30,,,,
2026-01-23T21:52:56.918Z,quote,Rift,CBBTC,BTC,0.0002,19427,0.5120,256002.25,,,,
2026-01-23T21:53:01.631Z,quote,Rift,USDC,BTC,20,21045,0.5138,2.57,,,,
2026-01-23T21:53:06.379Z,quote,Rift,ETH,BTC,0.006,18433,0.5120,8533.41,,,,
2026-01-23T21:56:55.869Z,quote,Rift,BTC,CBBTC,0.0002,19762,0.2127,106332.52,,,,
2026-01-23T21:57:00.560Z,quote,Rift,BTC,USDC,0.0002,17275760,0.2127,106332.52,,,,
2026-01-23T21:57:05.498Z,quote,Rift,BTC,ETH,0.0002,5849374073639362,0.2127,106332.52,,,,
2026-01-23T21:57:05.704Z,quote,Rift,CBBTC,BTC,0.0002,19432,0.5075,253768.37,,,,
2026-01-23T21:57:10.359Z,quote,Rift,USDC,BTC,20,21166,0.5084,2.54,,,,
2026-01-23T21:57:14.979Z,quote,Rift,ETH,BTC,0.006,18441,0.5066,8444.05,,,,
2026-01-23T21:58:55.341Z,quote,Rift,BTC,CBBTC,0.0002,19714,0.2554,127681.99,,,,
2026-01-23T21:59:00.029Z,quote,Rift,BTC,USDC,0.0002,17214746,0.2554,127681.99,,,,
2026-01-23T21:59:04.717Z,quote,Rift,BTC,ETH,0.0002,5834813687242176,0.2554,127681.99,,,,
2026-01-23T21:59:04.887Z,quote,Rift,CBBTC,BTC,0.0002,19308,0.6179,308936.84,,,,
2026-01-23T21:59:09.522Z,quote,Rift,USDC,BTC,20,21046,0.6232,3.12,,,,
2026-01-23T21:59:14.131Z,quote,Rift,ETH,BTC,0.006,18499,0.6214,10357.42,,,,
2026-01-23T22:01:22.481Z,quote,Rift,BTC,CBBTC,0.0002,19662,0.3018,150896.90,,,,
2026-01-23T22:01:27.189Z,quote,Rift,BTC,USDC,0.0002,17171126,0.3018,150896.90,,,,
